time,w_expl,w_impl,w_RK2,w_cn,exact_solution
0.000000,1.000000,1.000000,1.000000,1.000000,1.000000
0.050000,1.050000,1.052562,1.051217,1.051248,1.051249
0.100000,1.102434,1.107669,1.104920,1.104983,1.104987
0.150000,1.157281,1.165279,1.161076,1.161173,1.161182
0.200000,1.214495,1.225324,1.219632,1.219763,1.219779
0.250000,1.274009,1.287708,1.280506,1.280670,1.280696
0.300000,1.335729,1.352303,1.343588,1.343786,1.343825
0.350000,1.399533,1.418949,1.408738,1.408969,1.409025
0.400000,1.465267,1.487450,1.475783,1.476046,1.476122
0.450000,1.532747,1.557576,1.544516,1.544810,1.544910
0.500000,1.601755,1.629058,1.614697,1.615018,1.615146
0.550000,1.672039,1.701590,1.686047,1.686393,1.686554
0.600000,1.743311,1.774832,1.758254,1.758622,1.758819
0.650000,1.815252,1.848406,1.830969,1.831356,1.831594
0.700000,1.887507,1.921904,1.903813,1.904214,1.904497
0.750000,1.959689,1.994886,1.976373,1.976784,1.977115
0.800000,2.031383,2.066886,2.048208,2.048626,2.049009
0.850000,2.102147,2.137419,2.118855,2.119276,2.119712
0.900000,2.171516,2.205982,2.187829,2.188249,2.188742
0.950000,2.239008,2.272063,2.254633,2.255048,2.255599
1.000000,2.304128,2.335148,2.318761,2.319167,2.319777
1.050000,2.366374,2.394725,2.379704,2.380100,2.380768
1.100000,2.425246,2.450297,2.436963,2.437346,2.438072
1.150000,2.480250,2.501386,2.490049,2.490418,2.491199
1.200000,2.530908,2.547543,2.538496,2.538850,2.539683
1.250000,2.576762,2.588351,2.581866,2.582205,2.583086
1.300000,2.617388,2.623439,2.619757,2.620083,2.621006
1.350000,2.652395,2.652485,2.651812,2.652125,2.653086
1.400000,2.681440,2.675220,2.677723,2.678025,2.679016
1.450000,2.704228,2.691436,2.697236,2.697531,2.698546
1.500000,2.720521,2.700989,2.710160,2.710451,2.711481
1.550000,2.730143,2.703800,2.716367,2.716657,2.717694
1.600000,2.732982,2.699859,2.715794,2.716086,2.717123
1.650000,2.728992,2.689220,2.708448,2.708746,2.709773
1.700000,2.718196,2.672006,2.694400,2.694708,2.695719
1.750000,2.700685,2.648403,2.673792,2.674111,2.675098
1.800000,2.676615,2.618655,2.646825,2.647159,2.648114
1.850000,2.646209,2.583061,2.613763,2.614113,2.615029
1.900000,2.609745,2.541972,2.574920,2.575288,2.576160
1.950000,2.567560,2.495777,2.530665,2.531050,2.531874
2.000000,2.520037,2.444905,2.481404,2.481807,2.482578
2.050000,2.467602,2.389811,2.427581,2.428000,2.428715
2.100000,2.410714,2.330972,2.369666,2.370099,2.370757
2.150000,2.349862,2.268878,2.308150,2.308595,2.309195
2.200000,2.285552,2.204024,2.243536,2.243990,2.244531
2.250000,2.218299,2.136907,2.176331,2.176790,2.177273
2.300000,2.148625,2.068014,2.107041,2.107500,2.107927
2.350000,2.077046,1.997819,2.036161,2.036617,2.036990
2.400000,2.004068,1.926779,1.964173,1.964621,1.964943
2.450000,1.930179,1.855328,1.891537,1.891972,1.892246
2.500000,1.855845,1.783871,1.818688,1.819106,1.819337
2.550000,1.781505,1.712786,1.746034,1.746431,1.746622
2.600000,1.707567,1.642417,1.673950,1.674323,1.674478
2.650000,1.634408,1.573077,1.602777,1.603123,1.603246
2.700000,1.562364,1.505044,1.532824,1.533139,1.533235
2.750000,1.491740,1.438561,1.464361,1.464643,1.464715
2.800000,1.422799,1.373838,1.397623,1.397871,1.397924
2.850000,1.355769,1.311052,1.332812,1.333025,1.333061
2.900000,1.290842,1.250350,1.270095,1.270271,1.270295
2.950000,1.228175,1.191848,1.209607,1.209746,1.209761
3.000000,1.167890,1.135635,1.151452,1.151555,1.151563
3.050000,1.110080,1.081773,1.095707,1.095775,1.095778
3.100000,1.054808,1.030302,1.042423,1.042457,1.042457
3.150000,1.002113,0.981242,0.991627,0.991628,0.991628
3.200000,0.952009,0.934592,0.943326,0.943296,0.943297
3.250000,0.904490,0.890336,0.897509,0.897449,0.897452
3.300000,0.859531,0.848445,0.854147,0.854061,0.854067
3.350000,0.817093,0.808877,0.813201,0.813089,0.813099
3.400000,0.777122,0.771579,0.774617,0.774482,0.774497
3.450000,0.739556,0.736491,0.738335,0.738179,0.738199
3.500000,0.704323,0.703549,0.704286,0.704111,0.704136
3.550000,0.671345,0.672681,0.672395,0.672204,0.672234
3.600000,0.640538,0.643814,0.642585,0.642380,0.642415
3.650000,0.611818,0.616872,0.614775,0.614558,0.614598
3.700000,0.585096,0.591777,0.588884,0.588656,0.588701
3.750000,0.560285,0.568455,0.564830,0.564593,0.564643
3.800000,0.537298,0.546829,0.542533,0.542287,0.542342
3.850000,0.516048,0.526825,0.521912,0.521660,0.521720
3.900000,0.496454,0.508373,0.502891,0.502635,0.502698
3.950000,0.478434,0.491403,0.485397,0.485136,0.485203
4.000000,0.461913,0.475852,0.469358,0.469094,0.469164
4.050000,0.446816,0.461656,0.454707,0.454442,0.454515
4.100000,0.433077,0.448758,0.441383,0.441116,0.441191
4.150000,0.420630,0.437104,0.429325,0.429057,0.429135
4.200000,0.409416,0.426646,0.418480,0.418212,0.418292
4.250000,0.399379,0.417338,0.408799,0.408530,0.408612
4.300000,0.390472,0.409138,0.400235,0.399966,0.400050
4.350000,0.382647,0.402013,0.392748,0.392480,0.392565
4.400000,0.375864,0.395929,0.386304,0.386036,0.386122
4.450000,0.370088,0.390859,0.380869,0.380602,0.380689
4.500000,0.365288,0.386783,0.376418,0.376151,0.376239
4.550000,0.361438,0.383681,0.372929,0.372663,0.372751
4.600000,0.358517,0.381542,0.370384,0.370119,0.370208
4.650000,0.356506,0.380356,0.368772,0.368507,0.368596
4.700000,0.355395,0.380120,0.368083,0.367818,0.367908
4.750000,0.355175,0.380836,0.368315,0.368050,0.368140
4.800000,0.355842,0.382510,0.369468,0.369204,0.369293
4.850000,0.357399,0.385152,0.371549,0.371285,0.371374
4.900000,0.359850,0.388777,0.374568,0.374303,0.374392
4.950000,0.363206,0.393407,0.378539,0.378275,0.378362
5.000000,0.367481,0.399067,0.383482,0.383218,0.383305
5.050000,0.372693,0.405788,0.389423,0.389158,0.389244
5.100000,0.378865,0.413604,0.396388,0.396124,0.396209
5.150000,0.386025,0.422558,0.404413,0.404149,0.404232
5.200000,0.394205,0.432694,0.413534,0.413271,0.413352
5.250000,0.403439,0.444064,0.423796,0.423534,0.423613
5.300000,0.413769,0.456724,0.435246,0.434985,0.435062
5.350000,0.425238,0.470735,0.447935,0.447676,0.447750
5.400000,0.437895,0.486163,0.461920,0.461663,0.461735
5.450000,0.451792,0.503079,0.477262,0.477009,0.477077
5.500000,0.466984,0.521560,0.494026,0.493777,0.493842
5.550000,0.483530,0.541685,0.512281,0.512037,0.512098
5.600000,0.501495,0.563538,0.532099,0.531861,0.531918
5.650000,0.520942,0.587207,0.553555,0.553325,0.553377
5.700000,0.541940,0.612782,0.576729,0.576506,0.576554
5.750000,0.564558,0.640355,0.601699,0.601487,0.601530
5.800000,0.588867,0.670021,0.628547,0.628347,0.628385
5.850000,0.614940,0.701873,0.657356,0.657169,0.657202
5.900000,0.642847,0.736005,0.688206,0.688034,0.688062
5.950000,0.672658,0.772506,0.721176,0.721022,0.721044
6.000000,0.704442,0.811463,0.756343,0.756208,0.756226
6.050000,0.738261,0.852956,0.793778,0.793665,0.793678
6.100000,0.774175,0.897059,0.833548,0.833458,0.833466
6.150000,0.812236,0.943833,0.875707,0.875643,0.875647
6.200000,0.852488,0.993327,0.920304,0.920267,0.920269
6.250000,0.894965,1.045577,0.967373,0.967365,0.967365
6.300000,0.939689,1.100599,1.016933,1.016956,1.016956
6.350000,0.986667,1.158390,1.068988,1.069043,1.069044
6.400000,1.035890,1.218920,1.123519,1.123608,1.123613
6.450000,1.087331,1.282137,1.180489,1.180612,1.180623
6.500000,1.140943,1.347957,1.239834,1.239992,1.240011
6.550000,1.196655,1.416265,1.301464,1.301656,1.301686
6.600000,1.254370,1.486910,1.365257,1.365484,1.365528
6.650000,1.313968,1.559708,1.431065,1.431325,1.431387
6.700000,1.375295,1.634433,1.498702,1.498994,1.499078
6.750000,1.438173,1.710821,1.567950,1.568272,1.568381
6.800000,1.502388,1.788570,1.638556,1.638905,1.639044
6.850000,1.567696,1.867336,1.710229,1.710604,1.710777
6.900000,1.633823,1.946736,1.782647,1.783043,1.783254
6.950000,1.700460,2.026351,1.855449,1.855863,1.856116
7.000000,1.767271,2.105726,1.928244,1.928672,1.928971
7.050000,1.833889,2.184378,2.000609,2.001048,2.001396
7.100000,1.899920,2.261793,2.072097,2.072542,2.072942
7.150000,1.964949,2.337439,2.142235,2.142683,2.143138
7.200000,2.028541,2.410769,2.210535,2.210981,2.211493
7.250000,2.090244,2.481226,2.276495,2.276935,2.277506
7.300000,2.149599,2.548255,2.339607,2.340039,2.340669
7.350000,2.206142,2.611307,2.399366,2.399788,2.400475
7.400000,2.259411,2.669850,2.455275,2.455684,2.456428
7.450000,2.308954,2.723376,2.506851,2.507246,2.508044
7.500000,2.354334,2.771409,2.553637,2.554018,2.554867
7.550000,2.395139,2.813516,2.595206,2.595573,2.596469
7.600000,2.430985,2.849312,2.631172,2.631526,2.632462
7.650000,2.461525,2.878467,2.661192,2.661534,2.662506
7.700000,2.486457,2.900711,2.684976,2.685310,2.686309
7.750000,2.505525,2.915844,2.702292,2.702619,2.703639
7.800000,2.518528,2.923731,2.712968,2.713292,2.714325
7.850000,2.525322,2.924314,2.716898,2.717222,2.718260
7.900000,2.525825,2.917603,2.714044,2.714371,2.715406
7.950000,2.520015,2.903684,2.704432,2.704767,2.705790
8.000000,2.507935,2.882712,2.688160,2.688504,2.689508
8.050000,2.489690,2.854910,2.665388,2.665745,2.666722
8.100000,2.465445,2.820564,2.636340,2.636711,2.637654
8.150000,2.435423,2.780015,2.601296,2.601684,2.602586
8.200000,2.399900,2.733658,2.560591,2.560996,2.561852
8.250000,2.359203,2.681931,2.514605,2.515027,2.515834
8.300000,2.313700,2.625306,2.463759,2.464198,2.464951
8.350000,2.263797,2.564285,2.408507,2.408961,2.409657
8.400000,2.209926,2.499390,2.349326,2.349793,2.350431
8.450000,2.152547,2.431154,2.286713,2.287190,2.287769
8.500000,2.092130,2.360113,2.221172,2.221655,2.222176
8.550000,2.029156,2.286802,2.153211,2.153696,2.154161
8.600000,1.964104,2.211744,2.083332,2.083816,2.084225
8.650000,1.897451,2.135447,2.012028,2.012506,2.012862
8.700000,1.829657,2.058396,1.939772,1.940240,1.940546
8.750000,1.761169,1.981052,1.867018,1.867471,1.867730
8.800000,1.692409,1.903842,1.794192,1.794625,1.794842
8.850000,1.623773,1.827164,1.721690,1.722101,1.722279
8.900000,1.555631,1.751379,1.649877,1.650261,1.650405
8.950000,1.488316,1.676811,1.579083,1.579438,1.579552
9.000000,1.422131,1.603750,1.509603,1.509926,1.510013
9.050000,1.357344,1.532446,1.441696,1.441985,1.442050
9.100000,1.294187,1.463115,1.375587,1.375840,1.375887
9.150000,1.232861,1.395936,1.311464,1.311680,1.311712
9.200000,1.173530,1.331058,1.249484,1.249663,1.249683
9.250000,1.116330,1.268594,1.189770,1.189912,1.189924
9.300000,1.061364,1.208633,1.132420,1.132525,1.132530
9.350000,1.008708,1.151232,1.077498,1.077568,1.077570
9.400000,0.958414,1.096427,1.025050,1.025085,1.025085
9.450000,0.910508,1.044232,0.975094,0.975096,0.975096
9.500000,0.864997,0.994641,0.927631,0.927602,0.927603
9.550000,0.821869,0.947630,0.882644,0.882585,0.882590
9.600000,0.781097,0.903164,0.840100,0.840015,0.840022
9.650000,0.742641,0.861192,0.799955,0.799845,0.799857
9.700000,0.706446,0.821655,0.762153,0.762020,0.762037
9.750000,0.672453,0.784487,0.726630,0.726477,0.726498
9.800000,0.640593,0.749614,0.693315,0.693144,0.693171
9.850000,0.610792,0.716958,0.662134,0.661946,0.661978
9.900000,0.582972,0.686439,0.633006,0.632804,0.632841
9.950000,0.557053,0.657975,0.605851,0.605637,0.605679
10.000000,0.532955,0.631482,0.580587,0.580362,0.580410
10.050000,0.510596,0.606878,0.557133,0.556900,0.556951
10.100000,0.489895,0.584082,0.535408,0.535167,0.535224
10.150000,0.470775,0.563016,0.515334,0.515087,0.515148
10.200000,0.453160,0.543602,0.496835,0.496583,0.496648
10.250000,0.436976,0.525768,0.479838,0.479582,0.479650
10.300000,0.422154,0.509445,0.464273,0.464015,0.464086
10.350000,0.408628,0.494567,0.450076,0.449815,0.449889
10.400000,0.396335,0.481073,0.437184,0.436922,0.436998
10.450000,0.385218,0.468907,0.425540,0.425277,0.425356
10.500000,0.375223,0.458017,0.415092,0.414828,0.414909
10.550000,0.366302,0.448355,0.405791,0.405527,0.405610
10.600000,0.358408,0.439880,0.397594,0.397330,0.397415
10.650000,0.351503,0.432554,0.390462,0.390198,0.390284
10.700000,0.345550,0.426345,0.384360,0.384097,0.384183
10.750000,0.340517,0.421224,0.379259,0.378996,0.379084
10.800000,0.336378,0.417171,0.375134,0.374872,0.374960
10.850000,0.333109,0.414167,0.371964,0.371702,0.371791
10.900000,0.330693,0.412200,0.369734,0.369473,0.369562
10.950000,0.329115,0.411263,0.368433,0.368172,0.368262
11.000000,0.328366,0.411354,0.368054,0.367794,0.367883
11.050000,0.328438,0.412476,0.368595,0.368335,0.368425
11.100000,0.329332,0.414637,0.370060,0.369800,0.369889
11.150000,0.331048,0.417851,0.372454,0.372195,0.372283
11.200000,0.333594,0.422136,0.375791,0.375532,0.375620
11.250000,0.336980,0.427516,0.380087,0.379828,0.379915
11.300000,0.341221,0.434020,0.385363,0.385103,0.385190
11.350000,0.346335,0.441685,0.391644,0.391385,0.391470
11.400000,0.352345,0.450549,0.398962,0.398703,0.398787
11.450000,0.359277,0.460659,0.407351,0.407092,0.407175
11.500000,0.367162,0.472067,0.416851,0.416593,0.416674
11.550000,0.376035,0.484829,0.427506,0.427250,0.427328
11.600000,0.385933,0.499008,0.439366,0.439112,0.439188
11.650000,0.396899,0.514672,0.452485,0.452232,0.452305
11.700000,0.408979,0.531895,0.466919,0.466669,0.466740
11.750000,0.422221,0.550755,0.482732,0.482486,0.482553
11.800000,0.436680,0.571335,0.499989,0.499748,0.499811
11.850000,0.452409,0.593724,0.518761,0.518525,0.518585
11.900000,0.469470,0.618014,0.539121,0.538892,0.538948
11.950000,0.487922,0.644301,0.561146,0.560925,0.560976
12.000000,0.507828,0.672684,0.584914,0.584702,0.584749
12.050000,0.529255,0.703262,0.610507,0.610306,0.610347
12.100000,0.552267,0.736138,0.638005,0.637817,0.637853
12.150000,0.576932,0.771413,0.667490,0.667317,0.667348
12.200000,0.603314,0.809188,0.699044,0.698887,0.698913
12.250000,0.631478,0.849557,0.732745,0.732606,0.732626
12.300000,0.661484,0.892614,0.768666,0.768548,0.768564
12.350000,0.693392,0.938442,0.806879,0.806783,0.806795
12.400000,0.727253,0.987117,0.847446,0.847375,0.847382
12.450000,0.763114,1.038700,0.890420,0.890375,0.890379
12.500000,0.801012,1.093242,0.935844,0.935828,0.935830
12.550000,0.840974,1.150773,0.983749,0.983763,0.983763
12.600000,0.883017,1.211304,1.034148,1.034194,1.034195
12.650000,0.927143,1.274822,1.087038,1.087118,1.087120
12.700000,0.973338,1.341289,1.142394,1.142509,1.142515
12.750000,1.021571,1.410635,1.200171,1.200320,1.200333
12.800000,1.071791,1.482759,1.260295,1.260479,1.260502
12.850000,1.123925,1.557523,1.322666,1.322886,1.322921
12.900000,1.177876,1.634754,1.387155,1.387410,1.387460
12.950000,1.233522,1.714236,1.453599,1.453888,1.453957
13.000000,1.290715,1.795711,1.521803,1.522124,1.522216
13.050000,1.349278,1.878881,1.591537,1.591888,1.592007
13.100000,1.409004,1.963402,1.662535,1.662914,1.663064
13.150000,1.469660,2.048889,1.734496,1.734900,1.735085
13.200000,1.530979,2.134913,1.807083,1.807509,1.807733
13.250000,1.592669,2.221009,1.879927,1.880370,1.880638
13.300000,1.654407,2.306673,1.952625,1.953082,1.953397
13.350000,1.715848,2.391370,2.024746,2.025213,2.025578
13.400000,1.776619,2.474539,2.095833,2.096305,2.096724
13.450000,1.836331,2.555596,2.165407,2.165881,2.166356
13.500000,1.894575,2.633945,2.232976,2.233448,2.233979
13.550000,1.950931,2.708985,2.298034,2.298500,2.299090
13.600000,2.004972,2.780115,2.360074,2.360532,2.361181
13.650000,2.056269,2.846746,2.418592,2.419040,2.419746
13.700000,2.104399,2.908311,2.473096,2.473531,2.474293
13.750000,2.148946,2.964272,2.523110,2.523531,2.524347
13.800000,2.189515,3.014128,2.568187,2.568595,2.569460
13.850000,2.225731,3.057427,2.607913,2.608307,2.609217
13.900000,2.257252,3.093771,2.641914,2.642296,2.643245
13.950000,2.283769,3.122825,2.669867,2.670238,2.671220
14.000000,2.305016,3.144322,2.691498,2.691862,2.692870
14.050000,2.320775,3.158069,2.706597,2.706955,2.707981
14.100000,2.330877,3.163947,2.715013,2.715369,2.716405
14.150000,2.335208,3.161918,2.716662,2.717020,2.718058
14.200000,2.333710,3.152022,2.711529,2.711891,2.712923
14.250000,2.326383,3.134376,2.699664,2.700034,2.701051
14.300000,2.313286,3.109174,2.681185,2.681566,2.682561
14.350000,2.294535,3.076680,2.656274,2.656669,2.657634
14.400000,2.270301,3.037224,2.625176,2.625585,2.626515
14.450000,2.240808,2.991196,2.588189,2.588614,2.589502
14.500000,2.206327,2.939039,2.545664,2.546106,2.546946
14.550000,2.167173,2.881241,2.497995,2.498454,2.499243
14.600000,2.123699,2.818324,2.445617,2.446091,2.446825
14.650000,2.076289,2.750839,2.388990,2.389477,2.390154
14.700000,2.025353,2.679356,2.328599,2.329098,2.329717
14.750000,1.971318,2.604453,2.264946,2.265453,2.266013
14.800000,1.914624,2.526713,2.198535,2.199046,2.199548
14.850000,1.855716,2.446708,2.129874,2.130386,2.130831
14.900000,1.795036,2.365000,2.059463,2.059971,2.060361
14.950000,1.733020,2.282132,1.987787,1.988287,1.988626
15.000000,1.670090,2.198619,1.915316,1.915802,1.916092
15.050000,1.606653,2.114947,1.842492,1.842961,1.843206
15.100000,1.543091,2.031570,1.769733,1.770181,1.770385
15.150000,1.479761,1.948904,1.697424,1.697848,1.698014
15.200000,1.416995,1.867326,1.625920,1.626315,1.626448
15.250000,1.355090,1.787176,1.555538,1.555901,1.556006
15.300000,1.294318,1.708750,1.486561,1.486890,1.486970
15.350000,1.234913,1.632308,1.419236,1.419530,1.419589
15.400000,1.177081,1.558069,1.353776,1.354033,1.354075
15.450000,1.120996,1.486217,1.290358,1.290578,1.290606
15.500000,1.066801,1.416899,1.229129,1.229311,1.229328
15.550000,1.014610,1.350228,1.170202,1.170346,1.170355
15.600000,0.964511,1.286288,1.113662,1.113769,1.113773
15.650000,0.916566,1.225134,1.059570,1.059641,1.059642
15.700000,0.870815,1.166796,1.007959,1.007995,1.007995
15.750000,0.827276,1.111281,0.958843,0.958846,0.958846
15.800000,0.785949,1.058577,0.912216,0.912188,0.912190
15.850000,0.746817,1.008652,0.868055,0.867998,0.868003
15.900000,0.709853,0.961462,0.826324,0.826240,0.826249
15.950000,0.675012,0.916951,0.786974,0.786866,0.786879
16.000000,0.642246,0.875051,0.749947,0.749816,0.749834
16.050000,0.611493,0.835687,0.715175,0.715024,0.715047
16.100000,0.582689,0.798778,0.682587,0.682418,0.682446
16.150000,0.555765,0.764239,0.652105,0.651920,0.651954
16.200000,0.530648,0.731982,0.623650,0.623451,0.623490
16.250000,0.507263,0.701917,0.597140,0.596930,0.596974
16.300000,0.485535,0.673954,0.572495,0.572274,0.572323
16.350000,0.465390,0.648005,0.549631,0.549402,0.549455
16.400000,0.446754,0.623984,0.528470,0.528234,0.528292
16.450000,0.429555,0.601804,0.508935,0.508692,0.508754
16.500000,0.413724,0.581386,0.490949,0.490702,0.490767
16.550000,0.399194,0.562651,0.474441,0.474190,0.474259
16.600000,0.385902,0.545527,0.459344,0.459090,0.459162
16.650000,0.373788,0.529943,0.445592,0.445336,0.445411
16.700000,0.362796,0.515835,0.433126,0.432869,0.432946
16.750000,0.352874,0.503144,0.421890,0.421632,0.421712
16.800000,0.343973,0.491815,0.411833,0.411575,0.411656
16.850000,0.336050,0.481800,0.402908,0.402650,0.402733
16.900000,0.329065,0.473054,0.395074,0.394815,0.394899
16.950000,0.322981,0.465539,0.388291,0.388033,0.388119
17.000000,0.317767,0.459221,0.382529,0.382271,0.382358
17.050000,0.313395,0.454072,0.377759,0.377501,0.377589
17.100000,0.309842,0.450071,0.373957,0.373700,0.373789
17.150000,0.307087,0.447200,0.371105,0.370848,0.370937
17.200000,0.305115,0.445447,0.369189,0.368932,0.369022
17.250000,0.303915,0.444808,0.368198,0.367942,0.368032
17.300000,0.303478,0.445281,0.368129,0.367873,0.367962
17.350000,0.303800,0.446871,0.368980,0.368724,0.368814
17.400000,0.304882,0.449590,0.370756,0.370501,0.370590
17.450000,0.306725,0.453453,0.373466,0.373211,0.373300
17.500000,0.309339,0.458484,0.377123,0.376868,0.376956
17.550000,0.312733,0.464709,0.381746,0.381491,0.381578
17.600000,0.316922,0.472164,0.387357,0.387102,0.387188
17.650000,0.321926,0.480886,0.393983,0.393729,0.393813
17.700000,0.327765,0.490923,0.401657,0.401403,0.401486
17.750000,0.334466,0.502325,0.410414,0.410161,0.410243
17.800000,0.342058,0.515152,0.420298,0.420046,0.420125
17.850000,0.350575,0.529465,0.431352,0.431102,0.431179
17.900000,0.360052,0.545335,0.443629,0.443381,0.443456
17.950000,0.370530,0.562839,0.457183,0.456937,0.457010
18.000000,0.382053,0.582056,0.472074,0.471831,0.471900
18.050000,0.394667,0.603074,0.488365,0.488126,0.488192
18.100000,0.408421,0.625984,0.506123,0.505890,0.505952
18.150000,0.423370,0.650885,0.525421,0.525193,0.525252
18.200000,0.439566,0.677876,0.546332,0.546112,0.546166
18.250000,0.457069,0.707063,0.568934,0.568722,0.568772
18.300000,0.475936,0.738554,0.593306,0.593105,0.593150
18.350000,0.496229,0.772457,0.619530,0.619341,0.619380
18.400000,0.518008,0.808882,0.647687,0.647511,0.647546
18.450000,0.541335,0.847940,0.677859,0.677699,0.677728
18.500000,0.566270,0.889736,0.710125,0.709983,0.710007
18.550000,0.592871,0.934374,0.744564,0.744441,0.744460
18.600000,0.621195,0.981951,0.781248,0.781147,0.781161
18.650000,0.651292,1.032554,0.820246,0.820168,0.820178
18.700000,0.683211,1.086261,0.861616,0.861564,0.861570
18.750000,0.716990,1.143135,0.905409,0.905385,0.905388
18.800000,0.752662,1.203222,0.951665,0.951671,0.951671
18.850000,0.790249,1.266549,1.000407,1.000444,1.000444
18.900000,0.829761,1.333121,1.051644,1.051715,1.051716
18.950000,0.871197,1.402913,1.105367,1.105472,1.105475
19.000000,0.914537,1.475873,1.161543,1.161683,1.161692
19.050000,0.959747,1.551915,1.220118,1.220294,1.220310
19.100000,1.006774,1.630917,1.281009,1.281222,1.281247
19.150000,1.055542,1.712716,1.344108,1.344356,1.344395
19.200000,1.105955,1.797111,1.409273,1.409557,1.409613
19.250000,1.157892,1.883851,1.476331,1.476650,1.476726
19.300000,1.211206,1.972645,1.545077,1.545427,1.545528
19.350000,1.265726,2.063153,1.615266,1.615647,1.615776
19.400000,1.321251,2.154987,1.686623,1.687031,1.687192
19.450000,1.377556,2.247715,1.758833,1.759266,1.759463
19.500000,1.434386,2.340859,1.831549,1.832003,1.832241
19.550000,1.491461,2.433902,1.904389,1.904860,1.905143
19.600000,1.548476,2.526286,1.976942,1.977426,1.977757
19.650000,1.605103,2.617423,2.048766,2.049260,2.049643
19.700000,1.660992,2.706697,2.119397,2.119897,2.120334
19.750000,1.715776,2.793471,2.188352,2.188853,2.189346
19.800000,1.769073,2.877097,2.255132,2.255630,2.256181
19.850000,1.820493,2.956923,2.319231,2.319723,2.320333
19.900000,1.869640,3.032304,2.380142,2.380626,2.381294
19.950000,1.916118,3.102609,2.437363,2.437837,2.438562
20.000000,1.959537,3.167234,2.490408,2.490870,2.491650
20.050000,1.999519,3.225608,2.538810,2.539258,2.540091
20.100000,2.035705,3.277208,2.582131,2.582566,2.583447
20.150000,2.067757,3.321563,2.619971,2.620393,2.621317
20.200000,2.095369,3.358264,2.651972,2.652383,2.653343
20.250000,2.118269,3.386974,2.677825,2.678227,2.679218
20.300000,2.136224,3.407429,2.697280,2.697675,2.698690
20.350000,2.149048,3.419447,2.710145,2.710536,2.711566
20.400000,2.156602,3.422930,2.716291,2.716681,2.717719
20.450000,2.158796,3.417864,2.715658,2.716051,2.717088
20.500000,2.155596,3.404321,2.708252,2.708650,2.709678
20.550000,2.147021,3.382456,2.694146,2.694553,2.695564
20.600000,2.133142,3.352505,2.673481,2.673900,2.674886
20.650000,2.114084,3.314777,2.646460,2.646892,2.647846
20.700000,2.090022,3.269653,2.613346,2.613793,2.614709
20.750000,2.061178,3.217575,2.574455,2.574918,2.575790
20.800000,2.027817,3.159039,2.530155,2.530634,2.531458
20.850000,1.990242,3.094586,2.480853,2.481348,2.482119
20.900000,1.948790,3.024794,2.426994,2.427503,2.428218
20.950000,1.903825,2.950266,2.369047,2.369568,2.370225
21.000000,1.855732,2.871622,2.307504,2.308034,2.308633
21.050000,1.804910,2.789491,2.242867,2.243403,2.243944
21.100000,1.751768,2.704500,2.175644,2.176183,2.176666
21.150000,1.696717,2.617266,2.106340,2.106877,2.107304
21.200000,1.640165,2.528389,2.035451,2.035982,2.036355
21.250000,1.582511,2.438448,1.963458,1.963978,1.964299
21.300000,1.524140,2.347990,1.890820,1.891325,1.891599
21.350000,1.465422,2.257529,1.817974,1.818459,1.818690
21.400000,1.406702,2.167544,1.745326,1.745788,1.745978
21.450000,1.348302,2.078469,1.673251,1.673686,1.673841
21.500000,1.290520,1.990700,1.602091,1.602496,1.602619
21.550000,1.233621,1.904588,1.532152,1.532524,1.532619
21.600000,1.177845,1.820440,1.463706,1.464042,1.464114
21.650000,1.123401,1.738524,1.396987,1.397286,1.397339
21.700000,1.070468,1.659062,1.332197,1.332458,1.332494
21.750000,1.019197,1.582239,1.269501,1.269724,1.269748
21.800000,0.969712,1.508202,1.209035,1.209219,1.209233
21.850000,0.922109,1.437064,1.150904,1.151049,1.151057
21.900000,0.876462,1.368903,1.095183,1.095291,1.095294
21.950000,0.832821,1.303769,1.041922,1.041994,1.041995
22.000000,0.791215,1.241687,0.991151,0.991188,0.991188
22.050000,0.751656,1.182657,0.942874,0.942878,0.942879
22.100000,0.714138,1.126657,0.897080,0.897053,0.897056
22.150000,0.678643,1.073651,0.853742,0.853686,0.853693
22.200000,0.645138,1.023584,0.812818,0.812736,0.812746
22.250000,0.613582,0.976391,0.774256,0.774150,0.774165
22.300000,0.583925,0.931996,0.737996,0.737867,0.737887
22.350000,0.556110,0.890316,0.703967,0.703819,0.703844
22.400000,0.530076,0.851261,0.672096,0.671930,0.671961
22.450000,0.505757,0.814738,0.642305,0.642124,0.642159
22.500000,0.483084,0.780650,0.614514,0.614319,0.614360
22.550000,0.461990,0.748902,0.588641,0.588434,0.588480
22.600000,0.442405,0.719396,0.564604,0.564387,0.564437
22.650000,0.424260,0.692036,0.542322,0.542097,0.542152
22.700000,0.407487,0.666730,0.521717,0.521485,0.521544
22.750000,0.392020,0.643387,0.502711,0.502473,0.502536
22.800000,0.377797,0.621921,0.485230,0.484988,0.485054
22.850000,0.364757,0.602248,0.469204,0.468958,0.469028
22.900000,0.352842,0.584291,0.454566,0.454318,0.454391
22.950000,0.341998,0.567977,0.441254,0.441003,0.441079
23.000000,0.332175,0.553238,0.429208,0.428955,0.429033
23.050000,0.323326,0.540011,0.418374,0.418121,0.418201
23.100000,0.315406,0.528240,0.408703,0.408449,0.408531
23.150000,0.308377,0.517872,0.400149,0.399895,0.399979
23.200000,0.302204,0.508863,0.392672,0.392418,0.392503
23.250000,0.296853,0.501172,0.386237,0.385983,0.386069
23.300000,0.292298,0.494766,0.380811,0.380558,0.380645
23.350000,0.288513,0.489616,0.376369,0.376116,0.376204
23.400000,0.285479,0.485700,0.372888,0.372636,0.372725
23.450000,0.283177,0.483002,0.370352,0.370100,0.370189
23.500000,0.281596,0.481512,0.368748,0.368496,0.368586
23.550000,0.280724,0.481225,0.368067,0.367816,0.367906
23.600000,0.280556,0.482142,0.368307,0.368056,0.368146
23.650000,0.281090,0.484271,0.369469,0.369218,0.369307
23.700000,0.282326,0.487626,0.371558,0.371307,0.371396
23.750000,0.284269,0.492228,0.374585,0.374334,0.374423
23.800000,0.286926,0.498100,0.378565,0.378314,0.378402
23.850000,0.290309,0.505278,0.383517,0.383267,0.383353
23.900000,0.294433,0.513798,0.389465,0.389216,0.389301
23.950000,0.299315,0.523706,0.396440,0.396191,0.396275
24.000000,0.304978,0.535054,0.404474,0.404225,0.404308
24.050000,0.311446,0.547900,0.413605,0.413357,0.413438
24.100000,0.318748,0.562308,0.423877,0.423631,0.423710
24.150000,0.326915,0.578350,0.435337,0.435092,0.435169
24.200000,0.335983,0.596103,0.448037,0.447794,0.447868
24.250000,0.345989,0.615651,0.462033,0.461794,0.461865
24.300000,0.356975,0.637084,0.477387,0.477151,0.477220
24.350000,0.368985,0.660498,0.494163,0.493932,0.493997
24.400000,0.382065,0.685994,0.512431,0.512206,0.512267
24.450000,0.396265,0.713680,0.532262,0.532044,0.532101
24.500000,0.411637,0.743665,0.553733,0.553523,0.553575
24.550000,0.428235,0.776064,0.576921,0.576720,0.576768
24.600000,0.446112,0.810994,0.601907,0.601717,0.601760
24.650000,0.465327,0.848574,0.628771,0.628594,0.628632
24.700000,0.485935,0.888923,0.657596,0.657434,0.657467
24.750000,0.507992,0.932159,0.688463,0.688318,0.688345
24.800000,0.531553,0.978395,0.721452,0.721325,0.721347
24.850000,0.556673,1.027742,0.756637,0.756531,0.756548
24.900000,0.583402,1.080301,0.794092,0.794008,0.794021
24.950000,0.611785,1.136163,0.833881,0.833822,0.833830
25.000000,0.641865,1.195407,0.876060,0.876028,0.876033
25.050000,0.673676,1.258097,0.920677,0.920674,0.920676
25.100000,0.707245,1.324275,0.967766,0.967794,0.967795
25.150000,0.742588,1.393963,1.017347,1.017408,1.017408
25.200000,0.779712,1.467155,1.069422,1.069516,1.069518
25.250000,0.818609,1.543816,1.123973,1.124104,1.124108
25.300000,0.859259,1.623876,1.180963,1.181129,1.181140
25.350000,0.901622,1.707231,1.240326,1.240530,1.240549
25.400000,0.945644,1.793734,1.301973,1.302213,1.302243
25.450000,0.991247,1.883195,1.365783,1.366060,1.366105
25.500000,1.038336,1.975377,1.431605,1.431918,1.431980
25.550000,1.086791,2.069997,1.499255,1.499602,1.499686
25.600000,1.136468,2.166720,1.568513,1.568894,1.569003
25.650000,1.187201,2.265161,1.639127,1.639538,1.639677
25.700000,1.238795,2.364886,1.710807,1.711245,1.711418
25.750000,1.291034,2.465409,1.783226,1.783689,1.783900
25.800000,1.343673,2.566199,1.856027,1.856511,1.856764
25.850000,1.396448,2.666681,1.928818,1.929318,1.929617
25.900000,1.449066,2.766240,2.001175,2.001688,2.002036
25.950000,1.501219,2.864229,2.072650,2.073172,2.073572
26.000000,1.552578,2.959972,2.142772,2.143298,2.143754
26.050000,1.602798,3.052776,2.211050,2.211578,2.212090
26.100000,1.651522,3.141938,2.276984,2.277509,2.278080
26.150000,1.698389,3.226753,2.340067,2.340586,2.341215
26.200000,1.743031,3.306528,2.399792,2.400302,2.400990
26.250000,1.785084,3.380588,2.455662,2.456161,2.456906
26.300000,1.824191,3.448290,2.507195,2.507683,2.508482
26.350000,1.860007,3.509035,2.553935,2.554410,2.555260
26.400000,1.892205,3.562273,2.595455,2.595918,2.596813
26.450000,1.920484,3.607516,2.631368,2.631819,2.632756
26.500000,1.944570,3.644349,2.661333,2.661773,2.662745
26.550000,1.964223,3.672431,2.685060,2.685492,2.686492
26.600000,1.979243,3.691507,2.702317,2.702743,2.703764
26.650000,1.989471,3.701411,2.712933,2.713356,2.714390
26.700000,1.994794,3.702066,2.716803,2.717227,2.718265
26.750000,1.995147,3.693488,2.713888,2.714315,2.715350
26.800000,1.990513,3.675787,2.704217,2.704651,2.705674
26.850000,1.980928,3.649159,2.687887,2.688331,2.689334
26.900000,1.966473,3.613888,2.665059,2.665514,2.666491
26.950000,1.947280,3.570334,2.635957,2.636426,2.637368
27.000000,1.923526,3.518933,2.600863,2.601347,2.602249
27.050000,1.895429,3.460184,2.560110,2.560610,2.561466
27.100000,1.863247,3.394641,2.514081,2.514596,2.515402
27.150000,1.827272,3.322903,2.463196,2.463726,2.464478
27.200000,1.787823,3.245606,2.407909,2.408452,2.409148
27.250000,1.745244,3.163410,2.348698,2.349251,2.349889
27.300000,1.699897,3.076990,2.286059,2.286620,2.287199
27.350000,1.652154,2.987025,2.220496,2.221061,2.221582
27.400000,1.602394,2.894193,2.152518,2.153084,2.153547
27.450000,1.550996,2.799155,2.082628,2.083189,2.083597
27.500000,1.498336,2.702554,2.011315,2.011868,2.012223
27.550000,1.444779,2.605004,1.939056,1.939595,1.939901
27.600000,1.390677,2.507087,1.866302,1.866824,1.867083
27.650000,1.336362,2.409346,1.793479,1.793979,1.794196
27.700000,1.282149,2.312281,1.720985,1.721459,1.721637
27.750000,1.228327,2.216351,1.649182,1.649627,1.649771
27.800000,1.175162,2.121967,1.578401,1.578814,1.578928
27.850000,1.122891,2.029492,1.508937,1.509315,1.509402
27.900000,1.071726,1.939244,1.441048,1.441389,1.441454
27.950000,1.021850,1.851496,1.374957,1.375261,1.375308
28.000000,0.973421,1.766475,1.310855,1.311120,1.311152
28.050000,0.926570,1.684367,1.248897,1.249122,1.249142
28.100000,0.881403,1.605317,1.189207,1.189392,1.189404
28.150000,0.838001,1.529436,1.131879,1.132026,1.132031
28.200000,0.796424,1.456797,1.076982,1.077091,1.077093
28.250000,0.756713,1.387445,1.024557,1.024630,1.024630
28.300000,0.718888,1.321397,0.974625,0.974663,0.974663
28.350000,0.682956,1.258645,0.927186,0.927191,0.927193
28.400000,0.648906,1.199160,0.882222,0.882197,0.882201
28.450000,0.616716,1.142895,0.839702,0.839647,0.839655
28.500000,0.586355,1.089787,0.799579,0.799499,0.799510
28.550000,0.557781,1.039762,0.761799,0.761695,0.761711
28.600000,0.530944,0.992734,0.726298,0.726171,0.726193
28.650000,0.505793,0.948611,0.693004,0.692858,0.692884
28.700000,0.482267,0.907295,0.661841,0.661678,0.661710
28.750000,0.460305,0.868682,0.632733,0.632554,0.632591
28.800000,0.439845,0.832670,0.605596,0.605404,0.605446
28.850000,0.420822,0.799152,0.580349,0.580146,0.580193
28.900000,0.403172,0.768025,0.556912,0.556699,0.556751
28.950000,0.386832,0.739186,0.535203,0.534982,0.535038
29.000000,0.371740,0.712535,0.515144,0.514916,0.514977
29.050000,0.357836,0.687976,0.496659,0.496426,0.496490
29.100000,0.345062,0.665416,0.479676,0.479438,0.479506
29.150000,0.333363,0.644768,0.464124,0.463883,0.463954
29.200000,0.322687,0.625949,0.449939,0.449695,0.449769
29.250000,0.312986,0.608881,0.437059,0.436813,0.436889
29.300000,0.304212,0.593494,0.425426,0.425179,0.425258
29.350000,0.296325,0.579721,0.414989,0.414741,0.414822
29.400000,0.289285,0.567504,0.405699,0.405450,0.405532
29.450000,0.283057,0.556788,0.397511,0.397262,0.397347
29.500000,0.277610,0.547526,0.390389,0.390140,0.390225
29.550000,0.272913,0.539677,0.384296,0.384047,0.384134
29.600000,0.268944,0.533207,0.379204,0.378955,0.379043
29.650000,0.265681,0.528087,0.375087,0.374839,0.374928
29.700000,0.263105,0.524296,0.371926,0.371679,0.371767
29.750000,0.261203,0.521818,0.369705,0.369457,0.369547
29.800000,0.259962,0.520643,0.368412,0.368165,0.368254
29.850000,0.259376,0.520770,0.368041,0.367794,0.367884
29.900000,0.259439,0.522202,0.368591,0.368344,0.368434
29.950000,0.260150,0.524950,0.370063,0.369817,0.369906
30.000000,0.261512,0.529030,0.372466,0.372220,0.372309
30.050000,0.263529,0.534466,0.375811,0.375566,0.375654
30.100000,0.266210,0.541290,0.380116,0.379870,0.379957
30.150000,0.269565,0.549538,0.385400,0.385155,0.385241
30.200000,0.273611,0.559254,0.391690,0.391445,0.391531
30.250000,0.278365,0.570489,0.399017,0.398773,0.398856
30.300000,0.283847,0.583303,0.407415,0.407172,0.407254
30.350000,0.290082,0.597760,0.416925,0.416683,0.416763
30.400000,0.297098,0.613932,0.427590,0.427350,0.427428
30.450000,0.304924,0.631898,0.439461,0.439223,0.439298
30.500000,0.313594,0.651746,0.452590,0.452354,0.452428
30.550000,0.323144,0.673567,0.467036,0.466804,0.466874
30.600000,0.333612,0.697462,0.482861,0.482633,0.482700
30.650000,0.345042,0.723536,0.500131,0.499908,0.499971
30.700000,0.357476,0.751901,0.518916,0.518699,0.518759
30.750000,0.370962,0.782673,0.539289,0.539080,0.539136
30.800000,0.385547,0.815975,0.561329,0.561128,0.561179
30.850000,0.401282,0.851930,0.585112,0.584922,0.584968
30.900000,0.418218,0.890667,0.610720,0.610542,0.610583
30.950000,0.436407,0.932314,0.638234,0.638070,0.638106
31.000000,0.455901,0.976999,0.667737,0.667588,0.667619
31.050000,0.476753,1.024849,0.699308,0.699177,0.699203
31.100000,0.499012,1.075985,0.733027,0.732915,0.732936
31.150000,0.522728,1.130525,0.768967,0.768877,0.768893
31.200000,0.547946,1.188573,0.807199,0.807133,0.807145
31.250000,0.574707,1.250226,0.847785,0.847746,0.847753
31.300000,0.603048,1.315563,0.890779,0.890768,0.890772
31.350000,0.632997,1.384645,0.936224,0.936243,0.936244
31.400000,0.664579,1.457511,0.984149,0.984200,0.984200
31.450000,0.697803,1.534175,1.034569,1.034653,1.034654
31.500000,0.732673,1.614621,1.087479,1.087599,1.087601
31.550000,0.769178,1.698799,1.142855,1.143011,1.143018
31.600000,0.807291,1.786621,1.200650,1.200844,1.200857
31.650000,0.846974,1.877958,1.260792,1.261024,1.261046
31.700000,0.888168,1.972637,1.323181,1.323450,1.323485
31.750000,0.930796,2.070435,1.387685,1.387992,1.388042
31.800000,0.974763,2.171081,1.454143,1.454486,1.454555
31.850000,1.019951,2.274247,1.522359,1.522737,1.522829
31.900000,1.066219,2.379555,1.592103,1.592514,1.592633
31.950000,1.113404,2.486570,1.663109,1.663549,1.663700
32.000000,1.161322,2.594802,1.735074,1.735542,1.735728
32.050000,1.209762,2.703710,1.807663,1.808155,1.808380
32.100000,1.258493,2.812703,1.880505,1.881017,1.881285
32.150000,1.307260,2.921144,1.953197,1.953726,1.954041
32.200000,1.355788,3.028354,2.025308,2.025849,2.026215
32.250000,1.403786,3.133622,2.096381,2.096930,2.097349
32.300000,1.450944,3.236211,2.165937,2.166491,2.166966
32.350000,1.496939,3.335366,2.233483,2.234037,2.234569
32.400000,1.541441,3.430323,2.298514,2.299065,2.299656
32.450000,1.584110,3.520324,2.360523,2.361068,2.361717
32.500000,1.624610,3.604624,2.419005,2.419542,2.420249
32.550000,1.662604,3.682504,2.473469,2.473995,2.474758
32.600000,1.697766,3.753282,2.523439,2.523954,2.524770
32.650000,1.729782,3.816327,2.568469,2.568972,2.569837
32.700000,1.758357,3.871066,2.608144,2.608635,2.609545
32.750000,1.783221,3.916996,2.642092,2.642572,2.643521
32.800000,1.804131,3.953695,2.669988,2.670459,2.671441
32.850000,1.820877,3.980823,2.691562,2.692025,2.693033
32.900000,1.833286,3.998138,2.706601,2.707060,2.708086
32.950000,1.841226,4.005491,2.714957,2.715414,2.716450
33.000000,1.844606,4.002834,2.716546,2.717004,2.718042
33.050000,1.843381,3.990218,2.711353,2.711815,2.712847
33.100000,1.837553,3.967793,2.699429,2.699899,2.700916
33.150000,1.827168,3.935804,2.680892,2.681373,2.682368
33.200000,1.812317,3.894587,2.655927,2.656419,2.657385
33.250000,1.793137,3.844560,2.624776,2.625282,2.626211
33.300000,1.769804,3.786219,2.587739,2.588261,2.589148
33.350000,1.742533,3.720124,2.545168,2.545705,2.546545
33.400000,1.711574,3.646892,2.497458,2.498009,2.498797
33.450000,1.677204,3.567186,2.445041,2.445606,2.446339
33.500000,1.639729,3.481704,2.388381,2.388957,2.389633
33.550000,1.599470,3.391167,2.327962,2.328547,2.329165
33.600000,1.556768,3.296307,2.264283,2.264874,2.265434
33.650000,1.511968,3.197861,2.197853,2.198446,2.198947
33.700000,1.465422,3.096555,2.129177,2.129768,2.130212
33.750000,1.417479,2.993099,2.058755,2.059339,2.059729
33.800000,1.368485,2.888180,1.987073,1.987646,1.987984
33.850000,1.318772,2.782450,1.914599,1.915156,1.915446
33.900000,1.268660,2.676525,1.841777,1.842314,1.842559
33.950000,1.218452,2.570978,1.769023,1.769536,1.769739
34.000000,1.168430,2.466335,1.696723,1.697209,1.697375
34.050000,1.118856,2.363074,1.625229,1.625684,1.625817
34.100000,1.069964,2.261623,1.554861,1.555282,1.555386
34.150000,1.021968,2.162359,1.485900,1.486285,1.486364
34.200000,0.975054,2.065610,1.418594,1.418940,1.418999
34.250000,0.929384,1.971652,1.353153,1.353460,1.353502
34.300000,0.885095,1.880717,1.289757,1.290024,1.290052
34.350000,0.842300,1.792991,1.228550,1.228777,1.228794
34.400000,0.801088,1.708617,1.169646,1.169833,1.169842
34.450000,0.761530,1.627702,1.113130,1.113278,1.113282
34.500000,0.723673,1.550315,1.059061,1.059171,1.059172
34.550000,0.687549,1.476492,1.007474,1.007547,1.007547
34.600000,0.653173,1.406243,0.958382,0.958421,0.958421
34.650000,0.620544,1.339552,0.911779,0.911784,0.911787
34.700000,0.589649,1.276380,0.867642,0.867617,0.867622
34.750000,0.560465,1.216670,0.825934,0.825880,0.825889
34.800000,0.532960,1.160350,0.786606,0.786527,0.786540
34.850000,0.507091,1.107334,0.749600,0.749497,0.749515
34.900000,0.482813,1.057529,0.714849,0.714725,0.714748
34.950000,0.460075,1.010830,0.682281,0.682138,0.682166
35.000000,0.438820,0.967131,0.651819,0.651659,0.651692
35.050000,0.418992,0.926319,0.623383,0.623207,0.623246
35.100000,0.400532,0.888281,0.596891,0.596703,0.596747
35.150000,0.383381,0.852905,0.572263,0.572063,0.572112
35.200000,0.367479,0.820076,0.549416,0.549207,0.549260
35.250000,0.352769,0.789687,0.528270,0.528053,0.528111
35.300000,0.339193,0.761629,0.508749,0.508526,0.508588
35.350000,0.326697,0.735799,0.490778,0.490549,0.490614
35.400000,0.315229,0.712100,0.474284,0.474050,0.474119
35.450000,0.304738,0.690438,0.459199,0.458962,0.459034
35.500000,0.295177,0.670726,0.445459,0.445220,0.445295
35.550000,0.286502,0.652882,0.433005,0.432764,0.432841
35.600000,0.278672,0.636832,0.421780,0.421538,0.421617
35.650000,0.271648,0.622505,0.411734,0.411491,0.411572
35.700000,0.265396,0.609841,0.402819,0.402575,0.402658
35.750000,0.259885,0.598782,0.394994,0.394750,0.394835
35.800000,0.255085,0.589282,0.388221,0.387977,0.388063
35.850000,0.250973,0.581297,0.382468,0.382225,0.382311
35.900000,0.247525,0.574792,0.377707,0.377463,0.377551
35.950000,0.244724,0.569739,0.373914,0.373671,0.373759
36.000000,0.242554,0.566117,0.371070,0.370827,0.370916
36.050000,0.241002,0.563911,0.369162,0.368919,0.369009
36.100000,0.240059,0.563114,0.368180,0.367938,0.368027
36.150000,0.239719,0.563725,0.368119,0.367877,0.367966
36.200000,0.239979,0.565751,0.368978,0.368736,0.368825
36.250000,0.240838,0.569206,0.370762,0.370521,0.370610
36.300000,0.242300,0.574110,0.373481,0.373239,0.373328
36.350000,0.244370,0.580491,0.377146,0.376905,0.376993
36.400000,0.247056,0.588386,0.381777,0.381537,0.381624
36.450000,0.250371,0.597837,0.387397,0.387157,0.387242
36.500000,0.254329,0.608894,0.394032,0.393792,0.393877
36.550000,0.258948,0.621615,0.401715,0.401476,0.401559
36.600000,0.264247,0.636066,0.410482,0.410244,0.410326
36.650000,0.270250,0.652320,0.420375,0.420139,0.420218
36.700000,0.276984,0.670458,0.431440,0.431205,0.431283
36.750000,0.284477,0.690567,0.443728,0.443495,0.443570
36.800000,0.292761,0.712745,0.457293,0.457064,0.457136
36.850000,0.301871,0.737093,0.472195,0.471970,0.472039
36.900000,0.311842,0.763721,0.488498,0.488277,0.488343
36.950000,0.322715,0.792748,0.506269,0.506054,0.506116
37.000000,0.334532,0.824294,0.525580,0.525372,0.525430
37.050000,0.347334,0.858488,0.546505,0.546305,0.546359
37.100000,0.361169,0.895464,0.569121,0.568931,0.568980
37.150000,0.376082,0.935356,0.593509,0.593330,0.593374
37.200000,0.392122,0.978304,0.619748,0.619582,0.619622
37.250000,0.409336,1.024447,0.647922,0.647770,0.647805
37.300000,0.427774,1.073923,0.678111,0.677976,0.678005
37.350000,0.447481,1.126867,0.710395,0.710279,0.710303
37.400000,0.468506,1.183411,0.744852,0.744757,0.744776
37.450000,0.490891,1.243675,0.781556,0.781483,0.781498
37.500000,0.514678,1.307772,0.820572,0.820525,0.820535
37.550000,0.539903,1.375798,0.861962,0.861943,0.861948
37.600000,0.566599,1.447835,0.905776,0.905786,0.905788
37.650000,0.594790,1.523940,0.952052,0.952093,0.952093
37.700000,0.624493,1.604147,1.000814,1.000889,1.000889
37.750000,0.655718,1.688461,1.052072,1.052181,1.052182
37.800000,0.688461,1.776852,1.105814,1.105960,1.105964
37.850000,0.722709,1.869252,1.162010,1.162193,1.162202
37.900000,0.758434,1.965554,1.220603,1.220825,1.220841
37.950000,0.795593,2.065600,1.281513,1.281773,1.281799
38.000000,0.834128,2.169187,1.344628,1.344926,1.344966
38.050000,0.873960,2.276055,1.409808,1.410145,1.410201
38.100000,0.914996,2.385892,1.476880,1.477253,1.477330
38.150000,0.957118,2.498324,1.545637,1.546045,1.546146
38.200000,1.000191,2.612921,1.615835,1.616276,1.616405
38.250000,1.044058,2.729193,1.687198,1.687669,1.687831
38.300000,1.088538,2.846591,1.759412,1.759910,1.760108
38.350000,1.133431,2.964511,1.832128,1.832650,1.832889
38.400000,1.178516,3.082296,1.904965,1.905507,1.905790
38.450000,1.223551,3.199242,1.977510,1.978068,1.978400
38.500000,1.268277,3.314602,2.049323,2.049893,2.050276
38.550000,1.312417,3.427595,2.119939,2.120517,2.120955
38.600000,1.355682,3.537417,2.188875,2.189456,2.189950
38.650000,1.397770,3.643246,2.255630,2.256212,2.256764
38.700000,1.438372,3.744257,2.319701,2.320279,2.320890
38.750000,1.477176,3.839634,2.380579,2.381151,2.381820
38.800000,1.513870,3.928578,2.437764,2.438327,2.439053
38.850000,1.548144,4.010323,2.490767,2.491320,2.492102
38.900000,1.579701,4.084150,2.539124,2.539666,2.540499
38.950000,1.608256,4.149395,2.582397,2.582927,2.583808
39.000000,1.633545,4.205463,2.620185,2.620704,2.621628
39.050000,1.655323,4.251838,2.652131,2.652640,2.653601
39.100000,1.673378,4.288092,2.677928,2.678428,2.679420
39.150000,1.687526,4.313894,2.697324,2.697819,2.698833
39.200000,1.697619,4.329013,2.710129,2.710620,2.711650
39.250000,1.703548,4.333326,2.716215,2.716706,2.717743
39.300000,1.705243,4.326817,2.715522,2.716015,2.717051
39.350000,1.702678,4.309578,2.708056,2.708554,2.709582
39.400000,1.695867,4.281805,2.693892,2.694398,2.695409
39.450000,1.684867,4.243797,2.673170,2.673687,2.674673
39.500000,1.669777,4.195949,2.646095,2.646624,2.647579
39.550000,1.650736,4.138743,2.612929,2.613472,2.614388
39.600000,1.627919,4.072738,2.573990,2.574548,2.575420
39.650000,1.601537,3.998564,2.529645,2.530218,2.531041
39.700000,1.571828,3.916905,2.480303,2.480889,2.481659
39.750000,1.539059,3.828493,2.426407,2.427005,2.427720
39.800000,1.503517,3.734093,2.368428,2.369037,2.369694
39.850000,1.465507,3.634490,2.306857,2.307473,2.308071
39.900000,1.425345,3.530479,2.242198,2.242817,2.243357
39.950000,1.383353,3.422853,2.174957,2.175576,2.176058
40.000000,1.339856,3.312395,2.105639,2.106254,2.106680
40.050000,1.295176,3.199865,2.034741,2.035346,2.035719
40.100000,1.249628,3.085993,1.962742,1.963334,1.963656
40.150000,1.203517,2.971472,1.890103,1.890678,1.890952
40.200000,1.157134,2.856955,1.817260,1.817812,1.818042
40.250000,1.110752,2.743043,1.744618,1.745144,1.745335
40.300000,1.064625,2.630290,1.672553,1.673049,1.673204
40.350000,1.018987,2.519193,1.601405,1.601868,1.601991
40.400000,0.974050,2.410198,1.531481,1.531909,1.532004
40.450000,0.930001,2.303694,1.463051,1.463441,1.463513
40.500000,0.887005,2.200016,1.396351,1.396702,1.396754
40.550000,0.845204,2.099448,1.331581,1.331891,1.331928
40.600000,0.804717,2.002223,1.268907,1.269176,1.269200
40.650000,0.765641,1.908526,1.208464,1.208692,1.208706
40.700000,0.728053,1.818500,1.150356,1.150543,1.150551
40.750000,0.692010,1.732244,1.094658,1.094806,1.094809
40.800000,0.657552,1.649821,1.041422,1.041532,1.041533
40.850000,0.624702,1.571261,0.990674,0.990748,0.990748
40.900000,0.593468,1.496565,0.942421,0.942460,0.942461
40.950000,0.563847,1.425705,0.896651,0.896657,0.896660
41.000000,0.535822,1.358633,0.853336,0.853312,0.853318
41.050000,0.509371,1.295282,0.812435,0.812383,0.812393
41.100000,0.484458,1.235569,0.773896,0.773818,0.773833
41.150000,0.461045,1.179398,0.737656,0.737555,0.737575
41.200000,0.439086,1.126662,0.703649,0.703526,0.703551
41.250000,0.418534,1.077248,0.671798,0.671656,0.671687
41.300000,0.399336,1.031039,0.642026,0.641868,0.641904
41.350000,0.381438,0.987912,0.614253,0.614081,0.614122
41.400000,0.364787,0.947745,0.588398,0.588213,0.588258
41.450000,0.349327,0.910416,0.564377,0.564182,0.564232
41.500000,0.335003,0.875803,0.542112,0.541907,0.541962
41.550000,0.321764,0.843789,0.521522,0.521309,0.521368
41.600000,0.309555,0.814259,0.502530,0.502311,0.502374
41.650000,0.298329,0.787103,0.485063,0.484839,0.484906
41.700000,0.288037,0.762218,0.469051,0.468822,0.468892
41.750000,0.278633,0.739504,0.454426,0.454194,0.454267
41.800000,0.270074,0.718869,0.441125,0.440890,0.440966
41.850000,0.262322,0.700227,0.429090,0.428854,0.428932
41.900000,0.255338,0.683499,0.418267,0.418030,0.418110
41.950000,0.249089,0.668613,0.408607,0.408368,0.408450
42.000000,0.243543,0.655503,0.400063,0.399824,0.399908
42.050000,0.238672,0.644113,0.392596,0.392357,0.392442
42.100000,0.234452,0.634391,0.386170,0.385930,0.386017
42.150000,0.230859,0.626295,0.380753,0.380514,0.380601
42.200000,0.227875,0.619790,0.376320,0.376081,0.376169
42.250000,0.225483,0.614846,0.372848,0.372609,0.372698
42.300000,0.223670,0.611444,0.370320,0.370082,0.370171
42.350000,0.222426,0.609571,0.368724,0.368486,0.368576
42.400000,0.221742,0.609221,0.368052,0.367814,0.367904
42.450000,0.221615,0.610395,0.368300,0.368063,0.368152
42.500000,0.222041,0.613105,0.369470,0.369233,0.369322
42.550000,0.223022,0.617367,0.371567,0.371330,0.371419
42.600000,0.224562,0.623205,0.374602,0.374366,0.374454
42.650000,0.226666,0.630655,0.378590,0.378354,0.378442
42.700000,0.229343,0.639756,0.383551,0.383315,0.383402
42.750000,0.232606,0.650557,0.389508,0.389273,0.389359
42.800000,0.236468,0.663117,0.396492,0.396257,0.396342
42.850000,0.240947,0.677500,0.404535,0.404301,0.404384
42.900000,0.246062,0.693779,0.413676,0.413444,0.413525
42.950000,0.251835,0.712037,0.423958,0.423727,0.423806
43.000000,0.258293,0.732365,0.435428,0.435199,0.435276
43.050000,0.265462,0.754859,0.448138,0.447913,0.447987
43.100000,0.273373,0.779627,0.462146,0.461924,0.461995
43.150000,0.282058,0.806783,0.477512,0.477294,0.477362
43.200000,0.291551,0.836447,0.494301,0.494088,0.494153
43.250000,0.301891,0.868749,0.512581,0.512375,0.512436
43.300000,0.313116,0.903823,0.532426,0.532227,0.532284
43.350000,0.325267,0.941809,0.553911,0.553721,0.553774
43.400000,0.338386,0.982854,0.577114,0.576934,0.576982
43.450000,0.352517,1.027103,0.602115,0.601947,0.601990
43.500000,0.367704,1.074709,0.628995,0.628842,0.628880
43.550000,0.383993,1.125822,0.657837,0.657699,0.657732
43.600000,0.401426,1.180590,0.688722,0.688601,0.688629
43.650000,0.420048,1.239159,0.721728,0.721627,0.721650
43.700000,0.439902,1.301666,0.756932,0.756854,0.756871
43.750000,0.461026,1.368240,0.794406,0.794351,0.794364
43.800000,0.483458,1.438998,0.834214,0.834186,0.834194
43.850000,0.507231,1.514038,0.876413,0.876414,0.876418
43.900000,0.532371,1.593441,0.921050,0.921082,0.921084
43.950000,0.558899,1.677260,0.968160,0.968224,0.968224
44.000000,0.586829,1.765522,1.017761,1.017859,1.017860
44.050000,0.616166,1.858221,1.069856,1.069990,1.069992
44.100000,0.646904,1.955310,1.124427,1.124599,1.124604
44.150000,0.679025,2.056702,1.181436,1.181647,1.181657
44.200000,0.712500,2.162263,1.240818,1.241068,1.241087
44.250000,0.747285,2.271808,1.302482,1.302771,1.302801
44.300000,0.783318,2.385094,1.366308,1.366636,1.366681
44.350000,0.820524,2.501824,1.432145,1.432511,1.432574
44.400000,0.858808,2.621636,1.499808,1.500211,1.500295
44.450000,0.898056,2.744106,1.569077,1.569516,1.569625
44.500000,0.938137,2.868747,1.639699,1.640171,1.640310
44.550000,0.978897,2.995007,1.711384,1.711886,1.712059
44.600000,1.020164,3.122273,1.783806,1.784335,1.784546
44.650000,1.061746,3.249870,1.856606,1.857158,1.857411
44.700000,1.103433,3.377071,1.929392,1.929963,1.930262
44.750000,1.144995,3.503096,2.001740,2.002327,2.002676
44.800000,1.186187,3.627126,2.073203,2.073801,2.074202
44.850000,1.226748,3.748305,2.143308,2.143913,2.144370
44.900000,1.266408,3.865755,2.211565,2.212174,2.212688
44.950000,1.304884,3.978586,2.277474,2.278083,2.278654
45.000000,1.341890,4.085907,2.340526,2.341132,2.341762
45.050000,1.377136,4.186839,2.400217,2.400816,2.401504
45.100000,1.410335,4.280529,2.456048,2.456639,2.457384
45.150000,1.441203,4.366164,2.507539,2.508120,2.508919
45.200000,1.469470,4.442983,2.554233,2.554802,2.555652
45.250000,1.494878,4.510294,2.595703,2.596262,2.597158
45.300000,1.517187,4.567478,2.631564,2.632112,2.633049
45.350000,1.536182,4.614011,2.661473,2.662012,2.662984
45.400000,1.551674,4.649462,2.685143,2.685674,2.686674
45.450000,1.563505,4.673510,2.702340,2.702867,2.703888
45.500000,1.571551,4.685944,2.712897,2.713421,2.714454
45.550000,1.575721,4.686669,2.716706,2.717231,2.718269
45.600000,1.575964,4.675707,2.713731,2.714259,2.715294
45.650000,1.572269,4.653196,2.704001,2.704535,2.705558
45.700000,1.564663,4.619387,2.687613,2.688156,2.689159
45.750000,1.553212,4.574638,2.664729,2.665283,2.666259
45.800000,1.538018,4.519410,2.635574,2.636140,2.637082
45.850000,1.519223,4.454252,2.600429,2.601009,2.601911
45.900000,1.497000,4.379798,2.559629,2.560224,2.561080
45.950000,1.471552,4.296749,2.513557,2.514165,2.514971
46.000000,1.443109,4.205865,2.462633,2.463254,2.464006
46.050000,1.411925,4.107950,2.407311,2.407943,2.408638
46.100000,1.378271,4.003841,2.348069,2.348709,2.349347
46.150000,1.342433,3.894391,2.285404,2.286050,2.286628
46.200000,1.304705,3.780463,2.219820,2.220468,2.220988
46.250000,1.265386,3.662911,2.151826,2.152470,2.152934
46.300000,1.224777,3.542575,2.081923,2.082561,2.082968
46.350000,1.183173,3.420267,2.010603,2.011229,2.011584
46.400000,1.140863,3.296764,1.938339,1.938950,1.939255
46.450000,1.098124,3.172803,1.865586,1.866176,1.866435
46.500000,1.055220,3.049070,1.792767,1.793333,1.793549
46.550000,1.012399,2.926199,1.720280,1.720818,1.720995
46.600000,0.969888,2.804769,1.648487,1.648993,1.649137
46.650000,0.927898,2.685300,1.577720,1.578191,1.578304
46.700000,0.886616,2.568253,1.508271,1.508705,1.508792
46.750000,0.846208,2.454028,1.440399,1.440794,1.440859
46.800000,0.806821,2.342971,1.374328,1.374682,1.374729
46.850000,0.768578,2.235369,1.310247,1.310559,1.310591
46.900000,0.731581,2.131456,1.248310,1.248581,1.248601
46.950000,0.695915,2.031417,1.188643,1.188872,1.188884
47.000000,0.661644,1.935389,1.131339,1.131527,1.131533
47.050000,0.628815,1.843467,1.076465,1.076614,1.076616
47.100000,0.597460,1.755707,1.024065,1.024175,1.024175
47.150000,0.567596,1.672129,0.974157,0.974230,0.974231
47.200000,0.539226,1.592723,0.926742,0.926781,0.926782
47.250000,0.512343,1.517453,0.881801,0.881808,0.881812
47.300000,0.486929,1.446259,0.839304,0.839280,0.839288
47.350000,0.462959,1.379061,0.799204,0.799153,0.799165
47.400000,0.440400,1.315764,0.761446,0.761369,0.761386
47.450000,0.419214,1.256262,0.725965,0.725866,0.725887
47.500000,0.399358,1.200436,0.692692,0.692571,0.692598
47.550000,0.380786,1.148161,0.661550,0.661411,0.661443
47.600000,0.363449,1.099309,0.632460,0.632304,0.632342
47.650000,0.347298,1.053746,0.605341,0.605171,0.605214
47.700000,0.332281,1.011341,0.580112,0.579930,0.579977
47.750000,0.318349,0.971962,0.556691,0.556499,0.556551
47.800000,0.305451,0.935477,0.534998,0.534796,0.534853
47.850000,0.293538,0.901762,0.514954,0.514745,0.514806
47.900000,0.282563,0.870694,0.496484,0.496268,0.496333
47.950000,0.272481,0.842156,0.479514,0.479294,0.479361
48.000000,0.263247,0.816037,0.463975,0.463751,0.463822
48.050000,0.254821,0.792232,0.449802,0.449575,0.449649
48.100000,0.247165,0.770645,0.436934,0.436704,0.436781
48.150000,0.240241,0.751183,0.425313,0.425081,0.425160
48.200000,0.234017,0.733765,0.414886,0.414653,0.414734
48.250000,0.228462,0.718315,0.405606,0.405372,0.405455
48.300000,0.223548,0.704766,0.397429,0.397195,0.397279
48.350000,0.219250,0.693056,0.390316,0.390081,0.390167
48.400000,0.215546,0.683136,0.384232,0.383998,0.384084
48.450000,0.212416,0.674960,0.379149,0.378915,0.379002
48.500000,0.209843,0.668494,0.375041,0.374807,0.374895
48.550000,0.207813,0.663709,0.371889,0.371655,0.371743
48.600000,0.206315,0.660587,0.369675,0.369442,0.369531
48.650000,0.205340,0.659114,0.368391,0.368157,0.368247
48.700000,0.204881,0.659290,0.368028,0.367795,0.367885
48.750000,0.204935,0.661117,0.368586,0.368353,0.368443
48.800000,0.205502,0.664610,0.370067,0.369834,0.369923
48.850000,0.206582,0.669791,0.372478,0.372246,0.372334
48.900000,0.208180,0.676689,0.375831,0.375600,0.375688
48.950000,0.210302,0.685343,0.380144,0.379913,0.380000
49.000000,0.212957,0.695800,0.385437,0.385206,0.385292
49.050000,0.216158,0.708118,0.391736,0.391506,0.391591
49.100000,0.219918,0.722359,0.399072,0.398842,0.398926
49.150000,0.224254,0.738599,0.407479,0.407251,0.407333
49.200000,0.229184,0.756919,0.416999,0.416772,0.416853
49.250000,0.234732,0.777412,0.427675,0.427450,0.427528
49.300000,0.240919,0.800178,0.439556,0.439334,0.439409
49.350000,0.247774,0.825326,0.452696,0.452477,0.452550
49.400000,0.255323,0.852974,0.467153,0.466938,0.467008
49.450000,0.263599,0.883248,0.482990,0.482779,0.482847
49.500000,0.272635,0.916283,0.500272,0.500068,0.500131
49.550000,0.282464,0.952218,0.519070,0.518873,0.518932
49.600000,0.293124,0.991203,0.539458,0.539269,0.539324
49.650000,0.304652,1.033391,0.561511,0.561332,0.561383
49.700000,0.317090,1.078940,0.585309,0.585141,0.585187
49.750000,0.330476,1.128012,0.610933,0.610778,0.610819
49.800000,0.344853,1.180769,0.638464,0.638323,0.638359
49.850000,0.360261,1.237374,0.667983,0.667859,0.667890
49.900000,0.376741,1.297987,0.699572,0.699467,0.699493
49.950000,0.394334,1.362762,0.733309,0.733225,0.733245
50.000000,0.413078,1.431846,0.769268,0.769207,0.769223
